﻿<parameters>
  <parameter name="IIS Web Application Name" defaultValue="Default Web Site/slbilling_deploy" tags="IisApp">
    <parameterEntry kind="ProviderPath" scope="IisApp" match="^C:\\Users\\Administrator\\Documents\\GitHub\\sl-billing\\sl-billing\\Slbilling\\obj\\Debug\\Package\\PackageTmp$" />
    <parameterEntry kind="ProviderPath" scope="setAcl" match="^C:\\Users\\Administrator\\Documents\\GitHub\\sl-billing\\sl-billing\\Slbilling\\obj\\Debug\\Package\\PackageTmp$" />
  </parameter>
  <parameter name="ApplicationServices-Web.config Connection String" description="ApplicationServices Connection String used in web.config by the application to access the database." defaultValue="data source=.\SQLEXPRESS;Integrated Security=SSPI;AttachDBFilename=|DataDirectory|aspnetdb.mdf;User Instance=true" tags="SqlConnectionString">
    <parameterEntry kind="XmlFile" scope="C:\\Users\\Administrator\\Documents\\GitHub\\sl-billing\\sl-billing\\Slbilling\\obj\\Debug\\Package\\PackageTmp\\Web\.config$" match="/configuration/connectionStrings/add[@name='ApplicationServices']/@connectionString" />
  </parameter>
  <parameter name="silverliningEntities-Web.config Connection String" description="silverliningEntities Connection String used in web.config by the application to access the database." defaultValue="metadata=res://*/Model1.csdl|res://*/Model1.ssdl|res://*/Model1.msl;provider=MySql.Data.MySqlClient;provider connection string=&quot;server=127.0.0.1;User Id=root;database=silverlining;password=pdrpa$$1&quot;" tags="SqlConnectionString">
    <parameterEntry kind="XmlFile" scope="C:\\Users\\Administrator\\Documents\\GitHub\\sl-billing\\sl-billing\\Slbilling\\obj\\Debug\\Package\\PackageTmp\\Web\.config$" match="/configuration/connectionStrings/add[@name='silverliningEntities']/@connectionString" />
  </parameter>
</parameters>